URL,Último rastreamento
https://fymoob.com.br/empreendimento/air-cabral,1969-12-31
https://fymoob.com.br/imoveis/agua-verde/1-quartos,1969-12-31
https://fymoob.com.br/imoveis/agua-verde/2-quartos,1969-12-31
https://fymoob.com.br/imoveis/agua-verde/3-quartos,1969-12-31
https://fymoob.com.br/imoveis/alto-boqueirao/venda,1969-12-31
https://fymoob.com.br/imoveis/alto-da-gloria/venda,1969-12-31
https://fymoob.com.br/imoveis/bairro-alto/venda,1969-12-31
https://fymoob.com.br/imoveis/batel/1-quartos,1969-12-31
https://fymoob.com.br/imoveis/batel/venda,1969-12-31
https://fymoob.com.br/imoveis/bigorrilho/2-quartos,1969-12-31
https://fymoob.com.br/imoveis/bigorrilho/3-quartos,1969-12-31
https://fymoob.com.br/imoveis/boa-vista/3-quartos,1969-12-31
https://fymoob.com.br/imoveis/boqueirao/3-quartos,1969-12-31
https://fymoob.com.br/imoveis/cabral/3-quartos,1969-12-31
https://fymoob.com.br/imoveis/cabral/venda,1969-12-31
https://fymoob.com.br/imoveis/campina-do-siqueira/2-quartos,1969-12-31
https://fymoob.com.br/imoveis/campina-do-siqueira/venda,1969-12-31
https://fymoob.com.br/imoveis/campo-comprido/3-quartos,1969-12-31
https://fymoob.com.br/imoveis/campo-comprido/venda,1969-12-31
https://fymoob.com.br/imoveis/campo-de-santana/2-quartos,1969-12-31
https://fymoob.com.br/imoveis/campo-de-santana/3-quartos,1969-12-31
https://fymoob.com.br/imoveis/campo-de-santana/aluguel,1969-12-31
https://fymoob.com.br/imoveis/campo-de-santana/venda,1969-12-31
https://fymoob.com.br/imoveis/capao-raso/3-quartos,1969-12-31
https://fymoob.com.br/imoveis/capela-velha,1969-12-31
https://fymoob.com.br/imoveis/centro/1-quartos,1969-12-31
https://fymoob.com.br/imoveis/centro/venda,1969-12-31
https://fymoob.com.br/imoveis/cidade-industrial/2-quartos,1969-12-31
https://fymoob.com.br/imoveis/cidade-industrial/venda,1969-12-31
https://fymoob.com.br/imoveis/ecoville/3-quartos,1969-12-31
https://fymoob.com.br/imoveis/ecoville/venda,1969-12-31
https://fymoob.com.br/imoveis/fazendinha/3-quartos,1969-12-31
https://fymoob.com.br/imoveis/fazendinha/venda,1969-12-31
https://fymoob.com.br/imoveis/guaira/venda,1969-12-31
https://fymoob.com.br/imoveis/hauer/venda,1969-12-31
https://fymoob.com.br/imoveis/mossungue/1-quartos,1969-12-31
https://fymoob.com.br/imoveis/mossungue/4-quartos,1969-12-31
https://fymoob.com.br/imoveis/mossungue/venda,1969-12-31
https://fymoob.com.br/imoveis/novo-mundo/2-quartos,1969-12-31
https://fymoob.com.br/imoveis/novo-mundo/3-quartos,1969-12-31
https://fymoob.com.br/imoveis/novo-mundo/venda,1969-12-31
https://fymoob.com.br/imoveis/pinheirinho/venda,1969-12-31
https://fymoob.com.br/imoveis/portao/1-quartos,1969-12-31
https://fymoob.com.br/imoveis/portao/2-quartos,1969-12-31
https://fymoob.com.br/imoveis/portao/aluguel,1969-12-31
https://fymoob.com.br/imoveis/preco/1-a-3-milhoes,1969-12-31
https://fymoob.com.br/imoveis/santa-quiteria/3-quartos,1969-12-31
https://fymoob.com.br/imoveis/sao-braz/3-quartos,1969-12-31
https://fymoob.com.br/imoveis/sao-braz/venda,1969-12-31
https://fymoob.com.br/imoveis/seminario/2-quartos,1969-12-31
https://fymoob.com.br/imoveis/seminario/venda,1969-12-31
https://fymoob.com.br/imoveis/sitio-cercado/2-quartos,1969-12-31
https://fymoob.com.br/imoveis/tatuquara/aluguel,1969-12-31
https://fymoob.com.br/imoveis/tatuquara/venda,1969-12-31
https://fymoob.com.br/imoveis/tingui/2-quartos,1969-12-31
https://fymoob.com.br/imoveis/tingui/venda,1969-12-31
https://fymoob.com.br/imoveis/umbara/venda,1969-12-31
https://fymoob.com.br/imoveis/xaxim/aluguel,1969-12-31
https://fymoob.com.br/imoveis/xaxim/venda,1969-12-31
https://fymoob.com.br/imovel/apartamento-campina-do-siqueira-curitiba-pr-3-quartos-198m2-69804789,1969-12-31
https://fymoob.com.br/imovel/casa-santa-felicidade-curitiba-pr-4-quartos-375m2-69805679,1969-12-31